# sample,previous_event_id,event_id
1501,0,3
5181,0,4
9146,0,1
12776,0,2
16351,0,3
20086,0,1
23951,0,2
27466,0,4
31446,0,1
35066,0,4
38736,0,3
42721,0,2
46421,0,3
49996,0,4
53896,0,2
57746,0,1
61616,0,1
65346,0,4
69286,0,2
72791,0,3
76406,0,1
80386,0,3
84011,0,2
87996,0,4
91626,0,4
95391,0,1
99246,0,2
102891,0,3
106696,0,2
110656,0,3
114591,0,1
118211,0,4
121771,0,4
125351,0,1
128976,0,2
132796,0,3
136406,0,1
140201,0,2
144016,0,4
147546,0,3
151396,0,1
155036,0,4
158926,0,2
162601,0,3
166451,0,1
170191,0,2
173881,0,4
177771,0,3
181341,0,3
184991,0,1
188761,0,4
192566,0,2
196446,0,3
200326,0,4
203841,0,2
207356,0,1
211066,0,4
214991,0,1
218766,0,2
222531,0,3
226351,0,1
230036,0,3
233681,0,4
237236,0,2
240926,0,1
244756,0,3
248676,0,4
252291,0,2
255991,0,1
259661,0,3
263171,0,2
266706,0,4
270671,0,2
274616,0,4
278286,0,3
282091,0,1
285771,0,1
289521,0,2
293071,0,3
296906,0,4
304511,0,3
308186,0,4
311711,0,2
315626,0,1
319266,0,3
323031,0,2
326616,0,1
330281,0,4
334151,0,1
337851,0,2
341846,0,4
345386,0,3
349221,0,1
352891,0,3
356526,0,2
360371,0,4
364241,0,4
367811,0,1
371701,0,2
375271,0,3
378796,0,3
382466,0,2
386361,0,1
390166,0,4
393841,0,3
397496,0,2
401106,0,4
404741,0,1
408406,0,4
412236,0,1
415886,0,2
419801,0,3
423396,0,4
427366,0,2
431351,0,1
435326,0,3
438851,0,1
442631,0,3
446546,0,4
450256,0,2
454036,0,3
457816,0,2
461406,0,4
464946,0,1
468936,0,2
472686,0,3
476386,0,4
480191,0,1
484011,0,1
487811,0,3
491661,0,4
495566,0,2
499251,0,4
502841,0,3
506391,0,2
509901,0,1
513626,0,4
517451,0,2
521096,0,1
524966,0,3
528521,0,3
532396,0,1
536036,0,4
539801,0,2
543626,0,4
547606,0,1
551316,0,3
555271,0,2
559116,0,3
563111,0,4
566671,0,2
570536,0,1
574101,0,2
578071,0,4
581656,0,3
585261,0,1
589221,0,1
593006,0,4
596811,0,2
600731,0,3
608451,0,2
612326,0,1
616076,0,4
619926,0,3
623691,0,1
627301,0,2
631246,0,3
634821,0,4
638736,0,2
642411,0,4
646036,0,3
649611,0,1
653591,0,1
657411,0,4
661176,0,2
664886,0,3
668531,0,1
672511,0,4
676156,0,3
679776,0,2
683511,0,4
687271,0,3
691176,0,1
695176,0,2
698796,0,2
702506,0,1
706106,0,3
709891,0,4
713876,0,2
717526,0,4
721321,0,3
725181,0,1
728701,0,2
732416,0,3
736151,0,4
739871,0,1
743591,0,2
747221,0,4
751176,0,3
755056,0,1
758676,0,1
762321,0,2
765886,0,3
769756,0,4
773596,0,3
777446,0,1
781271,0,2
785036,0,4
788601,0,3
792156,0,1
795661,0,2
799456,0,4
803021,0,4
806786,0,1
810691,0,2
814501,0,3
818151,0,3
821761,0,1
825521,0,4
829426,0,2
833301,0,3
836866,0,4
840526,0,2
844186,0,1
847846,0,1
851346,0,2
855341,0,4
858941,0,3
862896,0,3
866656,0,4
870381,0,1
873946,0,2
877671,0,3
881621,0,4
885436,0,2
889276,0,1
893006,0,1
896931,0,2
900796,0,3
904796,0,4
912486,0,4
916126,0,3
919926,0,1
923496,0,2
927106,0,1
930841,0,2
934626,0,3
938181,0,4
941721,0,3
945576,0,2
949571,0,4
953091,0,1
956831,0,3
960746,0,1
964666,0,2
968166,0,4
971756,0,3
975676,0,2
979436,0,4
983116,0,1
986686,0,1
990581,0,3
994391,0,2
998231,0,4
1002221,0,1
1006196,0,3
1009911,0,2
1013516,0,4
1017186,0,1
1020916,0,2
1024466,0,3
1027976,0,4
1031911,0,2
1035501,0,3
1039186,0,4
1043106,0,1
1046626,0,4
1050431,0,1
1054006,0,3
1057646,0,2
1061321,0,4
1065256,0,2
1069096,0,1
1072656,0,3
1076296,0,4
1079926,0,2
1083851,0,1
1087626,0,3
1091321,0,1
1095286,0,2
1099216,0,3
1103066,0,4
1106651,0,4
1110356,0,1
1114096,0,2
1118071,0,3
1121881,0,3
1125566,0,4
1129281,0,1
1133106,0,2
1136986,0,1
1140851,0,4
1144726,0,3
1148396,0,2
1152071,0,2
1155971,0,3
1159511,0,4
1163356,0,1
1167221,0,3
1170926,0,2
1174596,0,1
1178376,0,4
1182066,0,3
1186066,0,1
1189621,0,4
1193136,0,2
1197041,0,3
1200556,0,4
1204441,0,1
1208081,0,2
1215896,0,4
1219566,0,2
1223506,0,1
1227391,0,3
1231056,0,2
1235021,0,1
1238581,0,4
1242511,0,3
1246031,0,2
1249566,0,3
1253171,0,4
1257036,0,1
1260816,0,1
1264741,0,2
1268331,0,3
1272266,0,4
1275941,0,2
1279931,0,4
1283586,0,3
1287106,0,1
1291031,0,3
1294821,0,2
1298351,0,1
1302006,0,4
1305616,0,2
1309346,0,3
1312896,0,4
1316401,0,1
1319941,0,1
1323706,0,4
1327581,0,3
1331136,0,2
1334776,0,3
1338336,0,2
1342316,0,4
1345906,0,1
1349426,0,2
1353156,0,1
1356891,0,4
1360851,0,3
1364536,0,1
1368296,0,2
1372251,0,3
1375796,0,4
1379511,0,3
1383491,0,1
1387421,0,4
1391046,0,2
1394636,0,4
1398611,0,2
1402226,0,1
1405986,0,3
1409836,0,1
1413351,0,2
1417071,0,4
1420756,0,3
1424626,0,1
1428301,0,2
1431936,0,4
1435581,0,3
1439406,0,1
1443326,0,2
1447006,0,4
1450791,0,3
1454621,0,3
1458251,0,2
1462081,0,1
1465936,0,4
1469906,0,2
1473546,0,3
1477291,0,1
1480866,0,4
1484516,0,4
1488386,0,2
1492281,0,3
1496006,0,1
1499631,0,3
1503586,0,4
1507511,0,2
1511451,0,1
1519276,0,2
1522981,0,1
1526896,0,4
1530711,0,3
1534361,0,2
1538221,0,1
1542176,0,4
1546121,0,3
1549766,0,1
1553641,0,2
1557446,0,3
1561056,0,4
1564921,0,2
1568891,0,4
1572476,0,1
1576156,0,3
1579876,0,2
1583836,0,1
1587396,0,3
1590946,0,4
1594691,0,4
1598376,0,3
1602341,0,2
1605961,0,1
1609601,0,4
1613341,0,3
1616901,0,1
1620541,0,2
1624476,0,3
1628351,0,1
1632281,0,2
1635851,0,4
1639621,0,4
1643466,0,1
1647126,0,3
1650636,0,2
1654326,0,4
1658026,0,3
1661826,0,1
1665371,0,2
1669071,0,3
1672611,0,2
1676556,0,1
1680436,0,4
1684041,0,3
1687581,0,4
1691091,0,1
1694821,0,2
1698611,0,1
1702571,0,3
1706071,0,2
1709811,0,4
1713421,0,1
1717176,0,4
1720971,0,2
1724536,0,3
1728416,0,4
1732106,0,2
1735861,0,3
1739501,0,1
1743271,0,4
1747146,0,3
1750996,0,1
1754526,0,2
1758436,0,3
1762246,0,1
1766026,0,2
1769686,0,4
1773526,0,2
1777226,0,1
1780841,0,4
1784381,0,3
1788076,0,4
1791881,0,1
1795576,0,3
1799101,0,2
1802731,0,2
1806551,0,4
1810056,0,1
1813586,0,3
1821171,0,1
1825011,0,4
1828611,0,3
1832561,0,2
1836531,0,2
1840051,0,4
1843731,0,1
1847416,0,3
1851201,0,2
1854781,0,1
1858691,0,3
1862326,0,4
1866061,0,3
1870056,0,2
1873936,0,4
1877481,0,1
1881266,0,1
1885196,0,4
1889141,0,3
1893011,0,2
1896796,0,4
1900666,0,2
1904381,0,1
1907991,0,3
1911761,0,4
1915276,0,1
1918786,0,3
1922576,0,2
1926516,0,4
1930356,0,3
1934111,0,2
1937681,0,1
1941226,0,1
1944871,0,4
1948851,0,3
1952686,0,2
1956461,0,2
1960236,0,3
1963966,0,4
1967521,0,1
1971036,0,2
1974576,0,1
1978321,0,3
1982286,0,4
1985796,0,1
1989626,0,2
1993576,0,4
1997196,0,3
2001076,0,4
2004691,0,1
2008596,0,2
2012256,0,3
2016061,0,4
2019706,0,1
2023661,0,2
2027186,0,3
2030901,0,1
2034701,0,3
2038256,0,2
2041991,0,4
2045881,0,1
2049421,0,2
2053146,0,4
2056926,0,3
2060471,0,3
2064336,0,1
2068106,0,2
2071986,0,4
2075726,0,2
2079466,0,3
2083106,0,1
2087096,0,4
2090836,0,3
2094651,0,2
2098351,0,4
2101876,0,1
2105396,0,4
2109021,0,1
2112546,0,3
2116506,0,2
2124331,0,2
2127881,0,4
2131731,0,1
2135636,0,3
2139296,0,1
2143011,0,4
2146516,0,3
2150036,0,2
2153571,0,1
2157096,0,4
2160701,0,2
2164551,0,3
2168551,0,3
2172226,0,2
2175821,0,1
2179701,0,4
2183271,0,4
2186946,0,2
2190796,0,1
2194376,0,3
2198376,0,1
2202256,0,3
2206236,0,2
2209936,0,4
2213591,0,2
2217281,0,4
2221056,0,3
2224951,0,1
2228941,0,4
2232586,0,1
2236166,0,3
2239721,0,2
2243306,0,3
2247126,0,1
2250741,0,2
2254496,0,4
2258336,0,4
2261941,0,2
2265816,0,1
2269656,0,3
2273586,0,1
2277521,0,4
2281351,0,2
2284891,0,3
2288726,0,1
2292496,0,4
2296311,0,2
2300086,0,3
2303611,0,1
2307401,0,2
2310976,0,4
2314646,0,3
2318196,0,1
2321891,0,2
2325486,0,3
2329406,0,4
2332966,0,3
2336886,0,4
2340861,0,1
2344486,0,2
2348261,0,3
2352126,0,1
2355791,0,4
2359291,0,2
2362856,0,2
2366556,0,4
2370196,0,3
2374101,0,1
2378071,0,3
2381741,0,2
2385271,0,4
2388976,0,1
2392531,0,1
2396091,0,2
2399606,0,4
2403461,0,3
2407196,0,3
2410816,0,4
2414661,0,1
2418476,0,2
2426106,0,3
2429881,0,2
2433786,0,1
2437506,0,4
2441021,0,1
2444821,0,2
2448646,0,4
2452261,0,3
2455941,0,1
2459626,0,4
2463461,0,2
2467411,0,3
2471196,0,3
2474741,0,2
2478256,0,1
2481916,0,4
2485666,0,3
2489266,0,4
2493011,0,2
2496646,0,1
2500446,0,2
2504021,0,4
2507956,0,3
2511826,0,1
2515531,0,4
2519441,0,1
2523066,0,3
2526641,0,2
2530236,0,1
2534081,0,4
2537976,0,2
2541856,0,3
2545391,0,2
2548891,0,1
2552606,0,3
2556371,0,4
2560341,0,2
2564276,0,4
2567951,0,1
2571736,0,3
2575686,0,2
2579461,0,4
2583181,0,1
2587036,0,3
2590616,0,3
2594561,0,4
2598276,0,1
2602171,0,2
2605961,0,1
2609611,0,2
2613331,0,4
2617276,0,3
2620801,0,4
2624711,0,1
2628671,0,2
2632401,0,3
2636336,0,2
2639981,0,3
2643706,0,4
2647286,0,1
2651021,0,4
2654771,0,2
2658636,0,3
2662491,0,1
2666041,0,4
2670021,0,2
2673916,0,1
2677526,0,3
2681371,0,3
2685131,0,2
2688716,0,4
2692641,0,1
2696406,0,2
2700061,0,1
2703966,0,4
2707726,0,3
2711671,0,4
2715286,0,3
2719066,0,2
2722661,0,1
2730411,0,4
2734216,0,1
2738191,0,3
2742171,0,2
2746016,0,1
2749941,0,2
2753656,0,4
2757156,0,3
2760666,0,2
2764571,0,3
2768206,0,4
2771871,0,1
2775371,0,4
2778946,0,3
2782621,0,2
2786176,0,1
2789696,0,4
2793421,0,3
2797246,0,1
2800976,0,2
2804911,0,1
2808446,0,4
2812181,0,2
2815976,0,3
2819831,0,4
2823516,0,1
2827251,0,3
2830926,0,2
2834566,0,4
2838286,0,3
2842161,0,1
2845816,0,2
2849326,0,1
2853016,0,3
2856936,0,4
2860776,0,2
2864546,0,1
2868501,0,4
2872211,0,2
2876091,0,3
2879711,0,2
2883526,0,3
2887481,0,1
2891341,0,4
2895011,0,4
2898711,0,2
2902441,0,1
2906341,0,3
2909851,0,1
2913626,0,3
2917591,0,2
2921266,0,4
2924916,0,3
2928916,0,2
2932821,0,1
2936501,0,4
2940406,0,2
2944066,0,1
2947666,0,3
2951226,0,4
2955096,0,2
2958846,0,3
2962566,0,1
2966266,0,4
2970016,0,2
2973966,0,3
2977856,0,4
2981526,0,1
2985446,0,4
2989186,0,2
2992831,0,1
2996676,0,3
3000446,0,1
3004266,0,3
3007776,0,2
3011421,0,4
3014921,0,4
3018881,0,2
3022826,0,1
3026756,0,3
